{"MSE": 2.4548576783470764, "_timestamp": 1685708473.762037, "_runtime": 4.0561909675598145, "_step": 0, "_wandb": {"runtime": 2}}