{"MSE": 2.448175384558708, "_timestamp": 1685708503.855071, "_runtime": 7.5119850635528564, "_step": 0, "_wandb": {"runtime": 5}}