{"MSE": 2.455197261791592, "_timestamp": 1685708456.1027431, "_runtime": 3.0302250385284424, "_step": 0, "_wandb": {"runtime": 2}}