{"MSE": 2.451206458097855, "_timestamp": 1685708522.554056, "_runtime": 5.058104991912842, "_step": 0, "_wandb": {"runtime": 4}}