{"MSE": 2.4522030775051356, "_timestamp": 1685708543.154621, "_runtime": 4.340369939804077, "_step": 0, "_wandb": {"runtime": 3}}