{"MSE": 2.453983836538874, "_timestamp": 1685707375.477802, "_runtime": 7.381617069244385, "_step": 0, "_wandb": {"runtime": 6}}